date,popularity,nickname
,8778,아델
,427,치어
,595,흡혈
,1276,애인
,286,패릿
,15878,진격캐넌
,7,담배피운듀얼
,661,에브
,279,민아
,4540,토르
,357,아크
,1794,토니
,28,괴수
,2615,이스
,769,뚱달콤
,3177,귀욤
,217,꼬냑
,21,쭈쭈
,65,진지조하
,608,식중땐
,37,박격포
,173,박준형
,1700,렌조
,100,라핀
,88,김우빈
,48,쩐다
,1967,윤상
,406,퍼킹빚취
,577,도스석궁
,4420,안녕별잇
,227,함다연
,489,매수
,-140,버러지
,149,해류
,1992,듀오
,2390,끼토
,836,하람
,109,꼬잡잉
,174,윈드
,392,개사기
,599,아침보름
,597,꿈달
,154,툭촉
,3517,회장
,4320,강동원
,524,로멘아란
,8868,비올팬
,832,스고용
,843,리스크
,410,밴티
,491,노잼
,1223,바글
,282,다소나
,89,메주
,8347,현건
,85,도둑별
,532,롱잽
,5870,스꺼
,104,예롬
,528,넘버원충남대
,6693,군함
,170,귤민
,270,창세
,428,랭주
,1175,뼈묠
,1533,솔애
,3181,먼지배코
,2334,지닐
,1042,몇시
,82,소곤
,1321,잔디
,844,소질
,1033,섀둬씨
,85,카타리나
,400,검정
,425,으꾸
,475,블랙잭
,382,퍼니
,641,뷰논
,790,더비
,353,조교
,113,유투브
,901,염마
,102,노어
,21,르끼
,11703,니죄
,421,라쓰
,73,기이얀
,3700,Asnah
,382,슬라
,416,클빙
,187,독서
,344,쿨러
,869,냔우
,644,다피
,668,리기
,426,양파농부
,2166,두개
,1689,유부남
,548,파이
,137,심월호
,33,악마듀
,22,살듯
,5722,실사
,5116,악덕
,523,헹장군
,99,흑돼랑
,3413,센터
,2101,채영
,2815,종빈
,5047,캐논마서터
,14,화령
,640,패망
,73,렙빨
,237,수정산달팽이
,175,동동
,2894,대갈텀
,80,애정딘
,368,승수
,358,마기나
,438,Riza
,1154,명훈
,2653,버릇
,352,쿄코
,276,임무
,10253,17학번
,193,화티
,65,음혈
,1335,원분
,22127,탑쑨
,10,패우희
,111,썬붕스
,1810,유격
,13,아키마
,141,에스
,15,술김
,1351,공야
,508,이뽀
,295,부산
,4242,묘롱
,1034,흐스
,976,발림
,4211,룡혼
,1236,접어
,611,서펜
,514,단돈
,54,해벽잉
,203,킬래
,10620,남준
,265,머얼크
,889,별표시
,495,안아파
,438,쿠쿠쿠
,396,첫체험
,2428,미술부
,33,경찰
,519,미녀아처
,379,휴덕
,922,카벨
,238,패권
,620,더협
,1320,Mushroom
,851,월일제논
,1133,깡이
,5094,빈핑
,1072,고려
,289,진동
,578,TAYO
,212,목성
,69,해저
,844,우냐
,2496,로밍
,1900,소호
,1198,껴방
,1320,유산슬
,170,진조커
,151,봉봉
,8593,매끈
,116,주지털
,83,리케아
,5537,독팔
,78,알퐈메일
,177,꿀타래
,594,태극
,32,권다빈
,5883,벗니
,65,안자
,70,리프
,180,seul
,388,종식
,691,벨님
,912,왕구
,898,호브
,2203,유식대장
,32,모봄아
,317,사류
,795,땡식
,827,스폘
,328,쿠디
,807,간큼
,321,노지오
,232,파장
,4650,진실
,2633,이규밍
,5399,뇌둔
,613,장복공
,78,콘비
,2623,파오
,1362,멍청이
,1306,러네요
,548,장제스
,1313,이안
,450,동윤
,309,넛넛
,258,빈털
,113,Tony
,85,병사
,2748,딛반
,896,보우
,277,최다롱이
,5032,엔테이
,439,명탐
,78,리가융
,732,파황
,488,사켜
,587,이민채
,915,민트쵸코
,894,뜬궁
,874,기위
,1990,으찌
,1244,물쥐
,5434,뽀민
,313,꾸넛
,505,통장잔고
,453,쑈다
,246,코쓰
,1041,캬롱
,5268,태윤
,1515,열쇠
,2726,손나은
,2917,천미수
,1380,Face1ess
,105,주환석
,709,배고픈제리33
,5265,채만
,1384,지나
,1458,정수영
,10392,캐요
,436,다비니
,1034,루찌
,4275,포즈
,1309,마지
,652,스윙클
,427,쿨삭
,377,우수
,886,코겜
,415,문봄
,95,취한펭귄
,774,승효
,856,뿡뿡찌뿡
,923,헤쿠
,227,택이
,210,일정
,60992,서브
,753,속박
,321,퍼리
,2260,옥토
,202,룬님
,253,신수학다니자
,885,강난빵
,3387,제천시
,284,가을바람
,193,졸린헤헤
,1881,피리꾼
,2538,미투
,398,StroboNights
,347,천화린
,39945,써드
,103,호타룽
,5554,군필히붕이
,1386,찌릿
,450,or릇
,3798,이앗
,3560,적분쓰
,956,쿠쿠
,53380,어어
,12136,벨벨
,907,에보
,438,윈포
,2227,궁극
,475,빙규
,242,복귀3분차
,433,피통
,18307,끅예
,123,동수칸
,1002,마옹언니
,2841,신진골
,144,도닌
,1786,거젠
,124,뽀록
,30975,유영준
,140,겹궁
,440,0히페리온0
,12506,슈밤
,7,뻣밍
,293,강오닝
,507,서화솜
,222,백새송
,231,일라오이
,1224,랏낙
,-8,장원영
,5101,내로
,209,응급노래
,7,카플
,1282,이소이
,607,세계
,584,sollov
,196,외국인
,898,나워이지여
,533,동동주
,16,소록창
,60,최강셰도찬희
,39,서아
,585,뉴비
,208,삐만
,326,늘청송
,295,도깨비감투
,557,챠분
,840,신피
,992,차형주
,421,레미디오스
,2951,똥노비
,591,애앙
,122,근거
,1161,티레사
,542,공돌
,256,솔진
,99999,맑음
,-96,밴딩모멘트
,1515,독스
,271,언남
,263,겨울새
,3326,명장포마
,21,쏘마호마
,140,날먹캐릭터1
,6082,키프로사
,29,선우뚜뚜
,3802,바울
,1034,이낑
,85,드러
,501,번더스내치
,10,귀마
,29,직접
,498,쪼릉
,2600,인울
,340,암적
,302,혀띵
,353,활쟁
,188,드좌
,11,쿠션
,92,사교육
,35,CuisineDeYun
,59,치빵파티
,101,샌드백
,432,찌스
,13797,종우
,27,플래
,91,음난
,2247,숲속소마
,221,솔로만즐김
,173,릴프
,401,경북
,238,형택
,7291,플란
,981,단정
,2852,에츠셔터
,170,피룽
,81,려릿
,240,포그레
,194,연마
,380,공썩
,210,구축
,119,단랑
,36908,타이
,213,가이샤
,8808,마커스
,249,피노밍
,8903,광도도
,879,대선이
,186,Special
,127,구고길
,71,1991
,22035,해린
,837,일짱
,37,봐료
,499,큐링
,59,신본
,332,아라슬
,569,템퍼
,107,LoveForce
,13287,갱이와
,644,오빠안되욤
,39,현종우
,866,맛집
,176,청궁
,307,Coxy
,575,광부용hs
,118,정상
,441,지누
,2008,기병
,450,은애
,392,메르스
,566,마체테
,4235,시급
,600,호두맛쵸코
,831,화나
,456,시드
,4287,전투
,379,와후
,382,장우혁
,104,사설
,431,쏘우
,97,운서
,326,빠민
,636,여비
,262,캐슬
,295,쥔님
,1367,건생
,65,탠도지
,114,섹슷
,143,절개굿
,455,촹릭
,1257,오타우
,1033,완치
,210,팔라디
,4325,솔찐
,3630,츠예나
,1054,닦아줌
,103,겨희
,188,기행
,63,이두껑
,241,푸키풉키푸키
,30,반쪽궁
,361,대마초
,662,인젝션
,179,찐렬이
,1061,다운운
,454,크엄식
,545,커닝시티
,37,단념
,844,이둔
,6019,러석
,702,기소
,1047,도쿄유저
,87,동네시민
,240,용하리
,657,오일
,979,당미꼬
,1327,오우
,40,5징어
,2586,소올
,1778,엔수
,239,입학생
,1406,닉밴
,7990,피쓰
,741,노조
,1982,은긴
,855,아침짹
,886,동냥
,267,진이꼬야옹
,268,수도자
,354,번화
,99999,대훈
,446,알림이
,1525,버프훔쳐
,491,VANS
,20,모험왕
,988,유령과전사
,154,달콤폭신호빵
,6369,연속
,48,학공림
,317,덱스
,22,이블린
,1620,꾸렝
,45,명칠
,1012,메일
,817,긍민
,231,뎅지리
,516,포킥
,2765,에프
,569,토반
,484,오지
,630,나비꽃
,510,대고
,3754,승안
,2146,문예
,2526,뭘해도우냥
,1595,크리바인드
,222,크어
,173,아서
