0,1
매끈,ocid 조회 실패함
ASperDragon,ocid 조회 실패함
마법소녀궁팡,ocid 조회 실패함
벨벨,ocid 조회 실패함
화브리,ocid 조회 실패함
앵김,ocid 조회 실패함
왕구,ocid 조회 실패함
열쇠,ocid 조회 실패함
이두나,ocid 조회 실패함
오즈,ocid 조회 실패함
seul,ocid 조회 실패함
종식,ocid 조회 실패함
도닌,ocid 조회 실패함
AshyTak,ocid 조회 실패함
예롬,ocid 조회 실패함
라라,ocid 조회 실패함
쿠디,ocid 조회 실패함
남살프,ocid 조회 실패함
쏭은혁,ocid 조회 실패함
혀띵,ocid 조회 실패함
더헬,ocid 조회 실패함
파장,ocid 조회 실패함
장원영,ocid 조회 실패함
파운틴,ocid 조회 실패함
탑왕,ocid 조회 실패함
스폘,ocid 조회 실패함
주뉴,ocid 조회 실패함
큐핏,ocid 조회 실패함
근본질,ocid 조회 실패함
검투,ocid 조회 실패함
이등현,ocid 조회 실패함
격상,ocid 조회 실패함
발망,ocid 조회 실패함
너클,ocid 조회 실패함
적분쓰,ocid 조회 실패함
알퐈메일,ocid 조회 실패함
Tony,ocid 조회 실패함
비보,ocid 조회 실패함
검서린,ocid 조회 실패함
타잔,ocid 조회 실패함
로멘아란,ocid 조회 실패함
로밍,ocid 조회 실패함
엔테이,ocid 조회 실패함
병사,ocid 조회 실패함
고라니맨션,ocid 조회 실패함
뜨블,ocid 조회 실패함
민트쵸코,ocid 조회 실패함
파황,ocid 조회 실패함
윤살아,ocid 조회 실패함
사교육,ocid 조회 실패함
쥬다잉,ocid 조회 실패함
예랑,ocid 조회 실패함
식장,ocid 조회 실패함
스커였습니다,ocid 조회 실패함
꾸넛,ocid 조회 실패함
적녹,ocid 조회 실패함
배고픈제리33,ocid 조회 실패함
정수영,ocid 조회 실패함
해벽잉,ocid 조회 실패함
럽라,ocid 조회 실패함
다비니,ocid 조회 실패함
루찌,ocid 조회 실패함
마지,ocid 조회 실패함
채만,ocid 조회 실패함
쿨삭,ocid 조회 실패함
코겜,ocid 조회 실패함
덩호,ocid 조회 실패함
허시보이,ocid 조회 실패함
쿠로윳키,ocid 조회 실패함
택이,ocid 조회 실패함
미즈하라,ocid 조회 실패함
서브,ocid 조회 실패함
네넵,ocid 조회 실패함
룬님,ocid 조회 실패함
수환채,ocid 조회 실패함
신수학다니자,ocid 조회 실패함
센코,ocid 조회 실패함
퍼리,ocid 조회 실패함
월광,ocid 조회 실패함
메르메이지,ocid 조회 실패함
경북,ocid 조회 실패함
듀블이래여,ocid 조회 실패함
화인,ocid 조회 실패함
지누,ocid 조회 실패함
미투,ocid 조회 실패함
호타룽,ocid 조회 실패함
냉모노,ocid 조회 실패함
or릇,ocid 조회 실패함
규빈,ocid 조회 실패함
겐세이,ocid 조회 실패함
댄댄,ocid 조회 실패함
플로리안,ocid 조회 실패함
에보,ocid 조회 실패함
낫스,ocid 조회 실패함
팔각,ocid 조회 실패함
끅예,ocid 조회 실패함
소곤,ocid 조회 실패함
달빛히어로52,ocid 조회 실패함
명동,ocid 조회 실패함
공손,ocid 조회 실패함
강난빵,ocid 조회 실패함
봄여름가을껼,ocid 조회 실패함
Seoul,ocid 조회 실패함
슈밤,ocid 조회 실패함
세계,ocid 조회 실패함
졸졸,ocid 조회 실패함
엔젤릭블레스,ocid 조회 실패함
화나,ocid 조회 실패함
신진골,ocid 조회 실패함
연등,ocid 조회 실패함
내로,ocid 조회 실패함
쿠쿠,ocid 조회 실패함
IMr심씨I,ocid 조회 실패함
빵승,ocid 조회 실패함
레미디오스,ocid 조회 실패함
소록창,ocid 조회 실패함
최강셰도찬희,ocid 조회 실패함
카플,ocid 조회 실패함
서아,ocid 조회 실패함
sollov,ocid 조회 실패함
김존냥,ocid 조회 실패함
일정,ocid 조회 실패함
효연,ocid 조회 실패함
서해결,ocid 조회 실패함
해병,ocid 조회 실패함
추진,ocid 조회 실패함
강오닝,ocid 조회 실패함
신피,ocid 조회 실패함
지닐,ocid 조회 실패함
애앙,ocid 조회 실패함
꼴아,ocid 조회 실패함
설뀨밍,ocid 조회 실패함
유별루아,ocid 조회 실패함
덕상,ocid 조회 실패함
전심,ocid 조회 실패함
솔진,ocid 조회 실패함
공돌,ocid 조회 실패함
김유정,ocid 조회 실패함
밴딩모멘트,ocid 조회 실패함
맑음,ocid 조회 실패함
서경이,ocid 조회 실패함
쏘마호마,ocid 조회 실패함
스나,ocid 조회 실패함
녀후,ocid 조회 실패함
암적,ocid 조회 실패함
Hope,ocid 조회 실패함
뤼콜,ocid 조회 실패함
선우뚜뚜,ocid 조회 실패함
치빵파티,ocid 조회 실패함
이낑,ocid 조회 실패함
싸구행님,ocid 조회 실패함
종우,ocid 조회 실패함
플란,ocid 조회 실패함
샌드백,ocid 조회 실패함
음난,ocid 조회 실패함
피룽,ocid 조회 실패함
포그레,ocid 조회 실패함
시뤄,ocid 조회 실패함
현종우,ocid 조회 실패함
Robi,ocid 조회 실패함
오잉,ocid 조회 실패함
오우,ocid 조회 실패함
니음,ocid 조회 실패함
채쓰,ocid 조회 실패함
광도도,ocid 조회 실패함
애중,ocid 조회 실패함
안지영,ocid 조회 실패함
승준,ocid 조회 실패함
신본,ocid 조회 실패함
나워이지여,ocid 조회 실패함
일짱,ocid 조회 실패함
엘사극한,ocid 조회 실패함
CuisineDeYun,ocid 조회 실패함
오빠안되욤,ocid 조회 실패함
쏘울,ocid 조회 실패함
빡셈,ocid 조회 실패함
사카즈키,ocid 조회 실패함
삼탄당,ocid 조회 실패함
Retry,ocid 조회 실패함
환타쉐이커,ocid 조회 실패함
장우혁,ocid 조회 실패함
파스,ocid 조회 실패함
스플렌디다,ocid 조회 실패함
토크온,ocid 조회 실패함
누인정,ocid 조회 실패함
끅껙,ocid 조회 실패함
아져씨,ocid 조회 실패함
고마오,ocid 조회 실패함
사설,ocid 조회 실패함
은기,ocid 조회 실패함
현뚜까,ocid 조회 실패함
배틀,ocid 조회 실패함
적묘,ocid 조회 실패함
데빌듄,ocid 조회 실패함
캐슬,ocid 조회 실패함
하이신슈,ocid 조회 실패함
탠도지,ocid 조회 실패함
무릉도장,ocid 조회 실패함
오타우,ocid 조회 실패함
LoveForce,ocid 조회 실패함
건생,ocid 조회 실패함
로봇탄탁,ocid 조회 실패함
화아타,ocid 조회 실패함
0히페리온0,ocid 조회 실패함
츠예나,ocid 조회 실패함
일추,ocid 조회 실패함
은애,ocid 조회 실패함
사왕,ocid 조회 실패함
펀시,ocid 조회 실패함
커닝시티,ocid 조회 실패함
숩히,ocid 조회 실패함
뻗어,ocid 조회 실패함
압도,ocid 조회 실패함
천원,ocid 조회 실패함
김건희,ocid 조회 실패함
이둔,ocid 조회 실패함
부추,ocid 조회 실패함
이소이,ocid 조회 실패함
검달,ocid 조회 실패함
러석,ocid 조회 실패함
서화솜,ocid 조회 실패함
기소,ocid 조회 실패함
겨울비,ocid 조회 실패함
씨콜,ocid 조회 실패함
여히쿄,ocid 조회 실패함
안녕부엉아,ocid 조회 실패함
러델붕,ocid 조회 실패함
알파의듀블,ocid 조회 실패함
피쓰,ocid 조회 실패함
독스,ocid 조회 실패함
렛콜,ocid 조회 실패함
은긴,ocid 조회 실패함
Special,ocid 조회 실패함
채실,ocid 조회 실패함
진이꼬야옹,ocid 조회 실패함
아라슬,ocid 조회 실패함
꾸안,ocid 조회 실패함
기행,ocid 조회 실패함
나쥐,ocid 조회 실패함
대훈,ocid 조회 실패함
누군,ocid 조회 실패함
바민,ocid 조회 실패함
VANS,ocid 조회 실패함
광부용hs,ocid 조회 실패함
가주,ocid 조회 실패함
윈포,ocid 조회 실패함
나비꽃,ocid 조회 실패함
승안,ocid 조회 실패함
포킥,ocid 조회 실패함
김대호,ocid 조회 실패함
문예,ocid 조회 실패함
별쟁,ocid 조회 실패함
반바지,ocid 조회 실패함
크리바인드,ocid 조회 실패함
키파,ocid 조회 실패함
긍민,ocid 조회 실패함
잘린,ocid 조회 실패함
재승,ocid 조회 실패함
솔로만즐김,ocid 조회 실패함
쿠스,ocid 조회 실패함
입학생,ocid 조회 실패함
보아,ocid 조회 실패함
은순,ocid 조회 실패함
서은상1,ocid 조회 실패함
촹릭,ocid 조회 실패함
번더스내치,ocid 조회 실패함
신복관,ocid 조회 실패함
반쪽궁,ocid 조회 실패함
타요,ocid 조회 실패함
햄마,ocid 조회 실패함
향단,ocid 조회 실패함
국문,ocid 조회 실패함
라임풍,ocid 조회 실패함
캬롱,ocid 조회 실패함
전섭졸귀,ocid 조회 실패함
분반,ocid 조회 실패함
당미꼬,ocid 조회 실패함
온몽뭉,ocid 조회 실패함
샷별,ocid 조회 실패함
모험왕,ocid 조회 실패함
바다소녀,ocid 조회 실패함
국기,ocid 조회 실패함
흔므,ocid 조회 실패함
형편,ocid 조회 실패함
하추,ocid 조회 실패함
영혼,ocid 조회 실패함
주작좀그만,ocid 조회 실패함
향초,ocid 조회 실패함
선넨,ocid 조회 실패함
식스,ocid 조회 실패함
개교,ocid 조회 실패함
핑스퐁,ocid 조회 실패함
끼오,ocid 조회 실패함
임현진,ocid 조회 실패함
라폼,ocid 조회 실패함
도쿄유저,ocid 조회 실패함
애기네돼지,ocid 조회 실패함
표창휴리,ocid 조회 실패함
헤응,ocid 조회 실패함
제트탱크,ocid 조회 실패함
전트로올,ocid 조회 실패함
지끈,ocid 조회 실패함
테하카,ocid 조회 실패함
중급물리실험,ocid 조회 실패함
흑집사,ocid 조회 실패함
차령,ocid 조회 실패함
시닛,ocid 조회 실패함
상여자김저그,ocid 조회 실패함
에씽짜증나a,ocid 조회 실패함
홍변,ocid 조회 실패함
빨리술가져와,ocid 조회 실패함
흑소,ocid 조회 실패함
BIO카레라,ocid 조회 실패함
송치훈,ocid 조회 실패함
쥔님,ocid 조회 실패함
뭘해도우냥,ocid 조회 실패함
원두얍,ocid 조회 실패함
평양성,ocid 조회 실패함
다술,ocid 조회 실패함
권다빈,ocid 조회 실패함
운서,ocid 조회 실패함
시빌,ocid 조회 실패함
빈히,ocid 조회 실패함
리민,ocid 조회 실패함
약점,ocid 조회 실패함
판나,ocid 조회 실패함
꾸딩,ocid 조회 실패함
Record,ocid 조회 실패함
하트빠방아크,ocid 조회 실패함
텀앤텀,ocid 조회 실패함
레문데몬,ocid 조회 실패함
헬스,ocid 조회 실패함
진석,ocid 조회 실패함
나노,ocid 조회 실패함
말자하,ocid 조회 실패함
큐섬,ocid 조회 실패함
